{"salvadostv": 0.6829971181556196, "ppopular": 0.4782608695652174}