{"dipenmbu": [5.67293412983, 5.11579536833, 5.84960795939, 5.72243258357, 5.91477923095, 5.28414569795, 5.71072772145], "CatedraUAMIBM": [7.01271742582, 6.82536050677, 6.68271154165, 6.14486917853, 6.18575371802, 5.87007112801, 6.65174648166], "MaracuarioT": [6.76820799708, 6.81949600577, 7.17290967703, 7.12493777275, 6.58882826567, 6.54999285936, 7.67613470554], "XenaCarla": [6.08409196138, 5.45222643763, 6.34497448802, 6.84239432216, 6.40039145947, 6.5679769218, 5.92473387718], "AAndujar25": [5.96364252269, 6.48647144437, 6.48124277592, 6.34195908904, 6.36722102761, 5.94577044249, 6.78863614798], "Gllrmortz": [5.96535123885, 6.27327144146, 6.33775293827, 6.12893626094, 5.98689466715, 6.30434274673, 6.1349838227], "somarrano": [6.57578125596, 5.87492443621, 6.10216349363, 6.36563628912, 6.44376143813, 6.61775916815, 5.7980453223], "culo_de_mono": [6.59143730998, 6.49191007018, 6.58555194736, 6.09233722091, 6.41568928957, 6.39405250549, 6.72048076987], "GquirogaGonzalo": [6.79470196366, 6.66648119688, 5.92691257596, 6.54996618629, 5.85477940738, 6.60215675831, 6.44045203924], "molbedrim": [6.99616670609, 7.09637910128, 7.36099973321, 7.57658064365, 7.0483392477, 6.71682193875, 6.95958197117], "emadridnet": [6.77785679698, 6.50116786361, 6.94729402661, 6.89043805003, 6.32148295641, 6.32001906633, 6.96794897318], "Amedda": [6.04990884662, 6.48756787181, 6.16686247289, 6.5414121747, 6.44700422883, 5.61592794955, 6.04574009776], "ligoteosEPS": [5.56463588029, 5.61914175749, 5.53556505591, 5.31722806394, 5.08043653332, 5.30788591132, 6.0598140955], "GossipEps": [6.39586746693, 5.96620209515, 6.32936939597, 6.17693133652, 6.04658164084, 6.28573656082, 6.3210144639], "PabloYeves": [6.43038958311, 6.43853798509, 5.9187798202, 5.8723577112, 6.2281665951, 6.38775750995, 5.86531460285], "Ata_CIM": [5.66568680108, 5.4888850078, 5.36683939397, 5.39917867631, 5.33911693841, 5.34334849566, 5.83794750273], "Telepinchosl": [6.25594511628, 6.18568405509, 5.41254770011, 5.63595838845, 5.32924193889, 6.02029077709, 6.13438814878], "Molibdy": [5.6960939616, 6.05828098953, 5.73968745768, 5.45208182186, 5.15727160498, 5.83828851581, 6.25923484564], "FAECartagena": [6.31454825401, 6.93867400289, 6.77881121635, 6.56347438693, 6.66565448046, 6.31906121969, 6.62963584065], "SeguidoresReal_": [6.75266370177, 6.80960446596, 6.65763780475, 6.31744787097, 7.02743470669, 6.51401087642, 6.78636685014], "UNjobfinder": [5.94894848764, 6.26187443733, 5.90966112912, 5.72726763785, 6.22966758907, 6.13258630037, 5.89190900326], "Srta_fitness": [5.98086923361, 6.95971056819, 5.7740880549, 5.55047843605, 5.85892483592, 6.06558546424, 5.76989747584], "PlanetaCiencias": [6.40326723456, 5.84133297205, 6.28935724497, 6.0712146014, 6.24569073319, 6.61725133657, 6.69485881925], "alexgarrido93": [5.68621121347, 5.76969385147, 6.29577770829, 5.55659297854, 6.29998654127, 6.0965847224, 5.9279050678], "AltozanoJaime": [5.97085371614, 5.74683308601, 6.01781576872, 6.91486522555, 6.19973920286, 6.54257372022, 6.33814305067], "leitmotiffs": [6.03538453579, 5.94366461039, 5.99584251642, 5.93478783965, 6.40035331249, 6.65193140507, 6.42346411943], "Flecha_b": [5.82453504205, 6.23791851103, 6.71010181308, 5.98727948964, 6.3551685214, 6.00488498807, 7.30634018779], "feminoacid": [6.73122659326, 7.06841081381, 6.98705375195, 6.71954229474, 6.88465803862, 6.61934286356, 6.96202561259], "HdLG94": [6.31613269448, 6.66086927056, 6.46695911884, 6.76971927285, 6.09054997563, 6.66711732745, 5.96999652684], "Superherologist": [5.19717505202, 4.82974147424, 4.703070838, 4.60630360991, 3.84454779327, 5.10213958099, 5.29823796824], "fceroh": [6.7533890903, 7.27917596698, 7.25048825145, 6.3970066607, 6.92970246077, 6.70207813382, 6.81570023298], "LobatoRICORDA": [6.07969619334, 5.93433052301, 5.74761651456, 6.09330236912, 5.2878879942, 5.87100550532, 6.22606903315], "peppapigy": [6.13116241992, 6.49607136846, 5.76678164303, 6.06632851064, 6.11312627792, 5.93678772449, 6.18860244751], "ppr1994": [6.1800044775, 6.88532069325, 6.72247186303, 6.52505502105, 6.43177732825, 6.52210339904, 6.38758078218], "accionpoeticca": [6.13820701838, 6.75207450986, 6.40993401408, 6.21501088142, 6.46891519427, 6.10700808465, 6.31716713309], "CGStees": [6.31454199553, 5.90062886477, 5.75871996582, 6.00813299417, 5.61867903918, 6.11852392554, 5.78185722232], "Rober_dcm": [5.58109551668, 5.82300893962, 5.29515268281, 5.81763789058, 5.5107299611, 5.88728070259, 5.92396251857], "DidriMontero": [7.03637346625, 6.48622095585, 6.43642649055, 6.35598033667, 6.18102788925, 7.16793775558, 7.14855581522], "Dowrow": [5.54094038904, 5.77622704208, 5.95971368253, 5.84589488804, 5.40646634996, 5.81689499319, 5.8711117506], "carl0sgs": [6.01773045957, 5.59765066952, 5.3092713654, 6.38622403145, 6.22015923262, 5.53835812956, 5.98105788231], "MartinPJorge": [5.87872102857, 5.94805464149, 5.3949758783, 6.25188320875, 5.323006697, 5.4959731549, 6.34403422475], "edoetzi": [6.69521391392, 6.23566567898, 6.80583178997, 6.10050372779, 6.28240168095, 7.21027821302, 7.428470999], "frasesyartistas": [5.51951438189, 5.43880350888, 5.16321029514, 5.82834780216, 5.35123262554, 5.86168020964, 5.35062562674], "AteneoUAM": [7.26203784347, 7.14525684714, 7.14093491435, 6.79173454642, 6.95791676641, 6.41448184848, 6.50451853871], "Ra93eD": [6.07096046209, 5.89450292289, 6.40987366438, 5.96458531916, 5.92077091336, 5.50321660936, 6.09599716961], "guridako": [5.8462832123, 5.71026347578, 6.05250328779, 6.11312016845, 5.96709534526, 5.61597812921, 5.70859238505], "FemTrends": [6.70563325286, 6.56535044312, 6.63909092546, 7.14377075434, 6.73090279102, 6.84171870351, 6.34814456105], "orange_es": [6.23865418136, 6.30930230021, 6.14834241569, 5.97431436181, 6.30195334554, 6.33714318275, 6.32366061211], "bekozbeko": [6.07075214386, 6.47510528564, 5.94152510166, 6.32565662265, 6.91448450089, 6.29110351205, 5.80169849098], "fabioscaligine": [5.71694254875, 5.1389721036, 5.79163610935, 5.45852936804, 5.31091991812, 5.80475635827, 5.69350525737], "goodnesstyle": [5.74288211763, 6.55895441771, 5.97815021873, 5.98991550505, 6.07842929661, 5.89546397328, 5.65743818879], "Zaski1": [6.67971313, 6.22532747686, 6.30241960287, 6.24208822846, 5.69938108325, 6.75581023097, 6.30125537515], "muamtivateUAM": [6.56250670552, 6.5058965981, 6.36773496866, 6.32726877928, 5.83273358643, 6.07671879232, 6.55664294958], "alvaruto": [5.77950768173, 6.17415957153, 6.10432766378, 5.68229660392, 6.75252944231, 5.66430673003, 6.24777935445], "jesusiniesta": [6.79333686829, 7.19557762146, 7.54197269678, 7.28368848562, 7.36961916089, 6.47271290421, 6.73632502556], "chandan13035473": [5.80892078578, 5.59616260231, 5.28271546587, 6.00661076605, 5.14808063395, 5.65995201468, 5.61161108315], "Teatro__Kapital": [7.15426504612, 6.97186246514, 6.44398257136, 6.85844525695, 7.0088969171, 6.73006504774, 6.70101478696], "Arphunix": [6.62226900458, 7.19701051712, 6.80505022407, 6.74105226994, 6.73070400953, 6.04761756957, 6.87877714634], "informerUAM": [6.78044453263, 6.94929271936, 6.84348776937, 6.46730840206, 7.09433317184, 6.16321220994, 6.97668582201], "Crp94": [6.82328790426, 6.60875573754, 7.43411049247, 7.44928598404, 7.54145056009, 7.11769267917, 7.58459806442], "GuidoPg026": [5.82652196288, 5.890654549, 5.83618961275, 6.14692814648, 6.09488494694, 5.73108695447, 5.93713030219], "clinicasmedina": [6.51418045163, 6.27168104053, 6.24895311892, 6.75491735339, 5.86582839489, 6.76065176725, 6.44411787391], "CiudadanosCs": [7.00372308493, 6.89481899142, 6.86307728291, 6.63303524256, 6.38924330473, 7.10168749094, 7.16089308262], "ItsSaraTello": [6.46932184696, 6.78560048342, 6.15116067231, 6.96792587638, 5.8350289613, 6.57588273287, 6.11797936261], "UcedaUceda": [5.82686968148, 6.26621007919, 6.17346592247, 5.88315211236, 5.79683713615, 5.9038606286, 6.31378337741], "OSHWDem": [6.738101542, 6.76727756858, 6.26799628139, 6.76175653934, 6.49432525039, 6.19575671852, 6.61815181375],